signature,file,startline,startcol,endline,endcol,properties
Lcom/android/internal/util/HexDump;->toHexString([B)Ljava/lang/String;,frameworks/base/core/java/com/android/internal/util/HexDump.java,105,5,105,25,
Lcom/android/internal/util/HexDump;->toHexString([BZ)Ljava/lang/String;,frameworks/base/core/java/com/android/internal/util/HexDump.java,111,5,111,69,maxTargetSdk=30&trackingBug=170729553L
Lcom/android/internal/util/HexDump;->toHexString([BII)Ljava/lang/String;,frameworks/base/core/java/com/android/internal/util/HexDump.java,117,5,117,25,
Lcom/android/internal/util/HexDump;->toHexString(I)Ljava/lang/String;,frameworks/base/core/java/com/android/internal/util/HexDump.java,139,5,139,25,
Lcom/android/internal/util/HexDump;->hexStringToByteArray(Ljava/lang/String;)[B,frameworks/base/core/java/com/android/internal/util/HexDump.java,173,5,173,25,
Lcom/android/internal/util/IState;->getName()Ljava/lang/String;,frameworks/libs/modules-utils/java/com/android/internal/util/IState.java,71,5,71,25,
Lcom/android/internal/util/State;-><init>()V,frameworks/libs/modules-utils/java/com/android/internal/util/State.java,35,5,35,25,
Lcom/android/internal/util/State;->enter()V,frameworks/libs/modules-utils/java/com/android/internal/util/State.java,42,5,42,25,
Lcom/android/internal/util/State;->exit()V,frameworks/libs/modules-utils/java/com/android/internal/util/State.java,50,5,50,88,maxTargetSdk=30&trackingBug=170729553L
Lcom/android/internal/util/State;->processMessage(Landroid/os/Message;)Z,frameworks/libs/modules-utils/java/com/android/internal/util/State.java,58,5,58,25,
Lcom/android/internal/util/State;->getName()Ljava/lang/String;,frameworks/libs/modules-utils/java/com/android/internal/util/State.java,76,5,76,25,
Lcom/android/internal/util/StateMachine;-><init>(Ljava/lang/String;)V,frameworks/libs/modules-utils/java/com/android/internal/util/StateMachine.java,1304,5,1304,25,
Lcom/android/internal/util/StateMachine;-><init>(Ljava/lang/String;Landroid/os/Looper;)V,frameworks/libs/modules-utils/java/com/android/internal/util/StateMachine.java,1318,5,1318,25,
Lcom/android/internal/util/StateMachine;-><init>(Ljava/lang/String;Landroid/os/Handler;)V,frameworks/libs/modules-utils/java/com/android/internal/util/StateMachine.java,1328,5,1328,88,maxTargetSdk=30&trackingBug=170729553L
Lcom/android/internal/util/StateMachine;->addState(Lcom/android/internal/util/State;)V,frameworks/libs/modules-utils/java/com/android/internal/util/StateMachine.java,1361,5,1361,88,maxTargetSdk=30&trackingBug=170729553L
Lcom/android/internal/util/StateMachine;->setInitialState(Lcom/android/internal/util/State;)V,frameworks/libs/modules-utils/java/com/android/internal/util/StateMachine.java,1380,5,1380,88,maxTargetSdk=30&trackingBug=170729553L
Lcom/android/internal/util/StateMachine;->transitionTo(Lcom/android/internal/util/IState;)V,frameworks/libs/modules-utils/java/com/android/internal/util/StateMachine.java,1419,5,1419,88,maxTargetSdk=30&trackingBug=170729553L
Lcom/android/internal/util/StateMachine;->obtainMessage(III)Landroid/os/Message;,frameworks/libs/modules-utils/java/com/android/internal/util/StateMachine.java,1684,5,1684,25,
Lcom/android/internal/util/StateMachine;->obtainMessage(IIILjava/lang/Object;)Landroid/os/Message;,frameworks/libs/modules-utils/java/com/android/internal/util/StateMachine.java,1704,5,1704,88,maxTargetSdk=30&trackingBug=170729553L
Lcom/android/internal/util/StateMachine;->sendMessage(I)V,frameworks/libs/modules-utils/java/com/android/internal/util/StateMachine.java,1714,5,1714,25,
Lcom/android/internal/util/StateMachine;->sendMessage(ILjava/lang/Object;)V,frameworks/libs/modules-utils/java/com/android/internal/util/StateMachine.java,1728,5,1728,25,
Lcom/android/internal/util/StateMachine;->sendMessage(II)V,frameworks/libs/modules-utils/java/com/android/internal/util/StateMachine.java,1742,5,1742,88,maxTargetSdk=30&trackingBug=170729553L
Lcom/android/internal/util/StateMachine;->sendMessage(IIILjava/lang/Object;)V,frameworks/libs/modules-utils/java/com/android/internal/util/StateMachine.java,1769,5,1769,88,maxTargetSdk=30&trackingBug=170729553L
Lcom/android/internal/util/StateMachine;->sendMessage(Landroid/os/Message;)V,frameworks/libs/modules-utils/java/com/android/internal/util/StateMachine.java,1783,5,1783,25,
Lcom/android/internal/util/StateMachine;->start()V,frameworks/libs/modules-utils/java/com/android/internal/util/StateMachine.java,2070,5,2070,88,maxTargetSdk=30&trackingBug=170729553L
Lcom/android/internal/util/StateMachine;->dump(Ljava/io/FileDescriptor;Ljava/io/PrintWriter;[Ljava/lang/String;)V,frameworks/libs/modules-utils/java/com/android/internal/util/StateMachine.java,2087,5,2087,88,maxTargetSdk=30&trackingBug=170729553L
Lcom/android/ipsec/flags/CustomFeatureFlags;->dpdDisableApi()Z,out/soong/.intermediates/packages/modules/IPsec/flags/ipsec_aconfig_flags_lib/android_common_apex30/javac/srcjars/com/android/ipsec/flags/CustomFeatureFlags.java,20,1,20,21,
Lcom/android/ipsec/flags/CustomFeatureFlags;->dumpsysApi()Z,out/soong/.intermediates/packages/modules/IPsec/flags/ipsec_aconfig_flags_lib/android_common_apex30/javac/srcjars/com/android/ipsec/flags/CustomFeatureFlags.java,27,1,27,21,
Lcom/android/ipsec/flags/CustomFeatureFlags;->enabledIkeOptionsApi()Z,out/soong/.intermediates/packages/modules/IPsec/flags/ipsec_aconfig_flags_lib/android_common_apex30/javac/srcjars/com/android/ipsec/flags/CustomFeatureFlags.java,34,1,34,21,
Lcom/android/ipsec/flags/CustomFeatureFlags;->livenessCheckApi()Z,out/soong/.intermediates/packages/modules/IPsec/flags/ipsec_aconfig_flags_lib/android_common_apex30/javac/srcjars/com/android/ipsec/flags/CustomFeatureFlags.java,41,1,41,21,
Lcom/android/ipsec/flags/CustomFeatureFlags;->useCachedAddresses()Z,out/soong/.intermediates/packages/modules/IPsec/flags/ipsec_aconfig_flags_lib/android_common_apex30/javac/srcjars/com/android/ipsec/flags/CustomFeatureFlags.java,48,1,48,21,
Lcom/android/ipsec/flags/FeatureFlags;->dpdDisableApi()Z,out/soong/.intermediates/packages/modules/IPsec/flags/ipsec_aconfig_flags_lib/android_common_apex30/javac/srcjars/com/android/ipsec/flags/FeatureFlags.java,9,1,9,21,
Lcom/android/ipsec/flags/FeatureFlags;->dumpsysApi()Z,out/soong/.intermediates/packages/modules/IPsec/flags/ipsec_aconfig_flags_lib/android_common_apex30/javac/srcjars/com/android/ipsec/flags/FeatureFlags.java,13,1,13,21,
Lcom/android/ipsec/flags/FeatureFlags;->enabledIkeOptionsApi()Z,out/soong/.intermediates/packages/modules/IPsec/flags/ipsec_aconfig_flags_lib/android_common_apex30/javac/srcjars/com/android/ipsec/flags/FeatureFlags.java,17,1,17,21,
Lcom/android/ipsec/flags/FeatureFlags;->livenessCheckApi()Z,out/soong/.intermediates/packages/modules/IPsec/flags/ipsec_aconfig_flags_lib/android_common_apex30/javac/srcjars/com/android/ipsec/flags/FeatureFlags.java,21,1,21,21,
Lcom/android/ipsec/flags/FeatureFlags;->useCachedAddresses()Z,out/soong/.intermediates/packages/modules/IPsec/flags/ipsec_aconfig_flags_lib/android_common_apex30/javac/srcjars/com/android/ipsec/flags/FeatureFlags.java,25,1,25,21,
Lcom/android/ipsec/flags/FeatureFlagsImpl;->dpdDisableApi()Z,out/soong/.intermediates/packages/modules/IPsec/flags/ipsec_aconfig_flags_lib/android_common_apex30/javac/srcjars/com/android/ipsec/flags/FeatureFlagsImpl.java,8,1,8,21,
Lcom/android/ipsec/flags/FeatureFlagsImpl;->dumpsysApi()Z,out/soong/.intermediates/packages/modules/IPsec/flags/ipsec_aconfig_flags_lib/android_common_apex30/javac/srcjars/com/android/ipsec/flags/FeatureFlagsImpl.java,15,1,15,21,
Lcom/android/ipsec/flags/FeatureFlagsImpl;->enabledIkeOptionsApi()Z,out/soong/.intermediates/packages/modules/IPsec/flags/ipsec_aconfig_flags_lib/android_common_apex30/javac/srcjars/com/android/ipsec/flags/FeatureFlagsImpl.java,22,1,22,21,
Lcom/android/ipsec/flags/FeatureFlagsImpl;->livenessCheckApi()Z,out/soong/.intermediates/packages/modules/IPsec/flags/ipsec_aconfig_flags_lib/android_common_apex30/javac/srcjars/com/android/ipsec/flags/FeatureFlagsImpl.java,29,1,29,21,
Lcom/android/ipsec/flags/FeatureFlagsImpl;->useCachedAddresses()Z,out/soong/.intermediates/packages/modules/IPsec/flags/ipsec_aconfig_flags_lib/android_common_apex30/javac/srcjars/com/android/ipsec/flags/FeatureFlagsImpl.java,36,1,36,21,
Lcom/android/ipsec/flags/Flags;->dpdDisableApi()Z,out/soong/.intermediates/packages/modules/IPsec/flags/ipsec_aconfig_flags_lib/android_common_apex30/javac/srcjars/com/android/ipsec/flags/Flags.java,18,57,18,77,
Lcom/android/ipsec/flags/Flags;->dumpsysApi()Z,out/soong/.intermediates/packages/modules/IPsec/flags/ipsec_aconfig_flags_lib/android_common_apex30/javac/srcjars/com/android/ipsec/flags/Flags.java,24,57,24,77,
Lcom/android/ipsec/flags/Flags;->enabledIkeOptionsApi()Z,out/soong/.intermediates/packages/modules/IPsec/flags/ipsec_aconfig_flags_lib/android_common_apex30/javac/srcjars/com/android/ipsec/flags/Flags.java,30,57,30,77,
Lcom/android/ipsec/flags/Flags;->livenessCheckApi()Z,out/soong/.intermediates/packages/modules/IPsec/flags/ipsec_aconfig_flags_lib/android_common_apex30/javac/srcjars/com/android/ipsec/flags/Flags.java,36,57,36,77,
Lcom/android/ipsec/flags/Flags;->useCachedAddresses()Z,out/soong/.intermediates/packages/modules/IPsec/flags/ipsec_aconfig_flags_lib/android_common_apex30/javac/srcjars/com/android/ipsec/flags/Flags.java,42,57,42,77,
